TSP_spatial_abs,TSP_spatial_rel,TSP_entropy,TSP_cog,label
3.109684631495206,0.20947251186763807,0.9973888589404346,2.0015498029575056,0
3.3675299286298044,0.22146821043978426,0.9952004166074585,1.9310603422595625,1
2.863311154734926,0.20338260039655548,0.998121840252614,2.034032158823386,1
1.6667076065125177,0.1782114076214842,0.999709161550166,2.1876275934056846,1
1.0309993190007187,0.15099026227540252,0.9972788666013989,2.3755314133789054,1
0.8175702548146433,0.1409921781580953,0.9953665997796548,2.433798318709729,1
0.7845045281787411,0.14817657876801194,0.9970113668592087,2.378867243341865,1
0.7757493895767148,0.14621294909698976,0.996736879493021,2.3855832250877445,1
0.7727509861517485,0.14821243458022915,0.9971366973874742,2.369713084093284,1
0.8137492752708106,0.15408849045307604,0.9978779346680224,2.349590782407509,1
0.9467592892636882,0.15664265917705497,0.9981537118426487,2.340813017841181,1
1.0859183251210018,0.15556796032418344,0.997896279125259,2.354329666224236,1
1.1672730728792906,0.14914708542325666,0.9967836424870249,2.3953892474876675,0
1.343670682269461,0.1272684555123089,0.9918585740306772,2.513454698069586,0
1.151307002397687,0.11846709998414959,0.9888691198850839,2.5695162143121726,0
0.9875830998550346,0.10856633232888911,0.9838551980770585,2.6544941154194537,0
1.0069656564009752,0.11293757772008269,0.9852785257672004,2.6367996611315196,0
1.351381036781414,0.14426432867909242,0.995442282523956,2.439541277857226,0
1.562863698347193,0.16523356247064055,0.9988485733531822,2.3148805136211306,0
1.8310588685827636,0.19782140788241653,0.9993626027430745,2.095945779316536,1
1.713940119328414,0.1949285470748832,0.9993145115833818,2.098514988894124,1
1.48384500568454,0.18662500755377773,0.9997015526669649,2.1454967294646026,1
1.6208690827491503,0.1853871959829624,0.9996776799212954,2.148617812265432,1
1.4898474637751347,0.16936765513175864,0.9994660822185385,2.2604438686945385,1
1.421869717462297,0.16233586522121715,0.9987483628501911,2.315233713448573,0
1.021972134396555,0.143934544387331,0.9954094103562294,2.439917966878655,0
0.8040126126071614,0.12877899305972124,0.9908909218270663,2.54425038639259,0
0.7592773882052002,0.1227385589645123,0.9889467959100294,2.5792220020775543,0
0.8134978285492098,0.1275735532148884,0.9909220924026969,2.5415535895420343,0
0.9208595869663017,0.1217683279303877,0.9881196989727766,2.5953187592441402,0
1.3215047913485036,0.14142567207288792,0.9948232533688841,2.455459489351063,0
1.7062099118107537,0.16473868405699515,0.999037956661567,2.296467477747686,0
1.8991986683751767,0.1733635327929548,0.9996810036504953,2.235029117964491,1
1.6165115190745551,0.18415194107738322,0.9996453654016896,2.151989041907515,1
1.156243127465771,0.1713498453036124,0.9995427503761376,2.2293654350093837,1
0.9196422912871827,0.16081406876884427,0.9987977602453626,2.2957269113697016,1
0.7955782958753016,0.16047427226019964,0.9987331005475518,2.304633498945033,1
1.009416217240641,0.17715951019727003,0.9998016849198599,2.20737043836519,1
0.8920387263354974,0.16877308678715003,0.9994202688450247,2.2658964411288522,1
0.7674949781878265,0.15787468805003502,0.9981658435826692,2.344410687779238,1
0.7035825042797906,0.14222009263971536,0.9951220823961051,2.446911559918627,0
0.65852132773748,0.13152811940428574,0.9916302214859672,2.5304570223381333,0
0.6857638903928313,0.13117201212486548,0.9911220310168896,2.542059302896476,0
0.6632325547895452,0.13245355959234442,0.9912632769266818,2.539919844202559,0
0.6409303265335025,0.14080265331187783,0.993812906877547,2.484451871499322,0
0.5421332536788529,0.13343015515214693,0.9919969877393258,2.5235068977400172,0
0.5700392553076368,0.133869997425433,0.9927102739601461,2.5057750948620003,0
0.5792156277743395,0.1332518466515006,0.992486058172033,2.5109250830733942,0
0.8260473103152991,0.14531226729520463,0.9956096126299886,2.4354521947158387,0
1.010237132253982,0.15648934990604466,0.9978277241529893,2.360770442276553,0
0.9769361425660164,0.16061522289021646,0.9984374455530687,2.3336763448889415,0
1.1965329293073768,0.17367319740001283,0.9997018245335964,2.2415937772330006,1
0.9041111967464524,0.1660881203573374,0.9992103428844834,2.2821862618659874,1
0.7199208128239494,0.1538327456626224,0.9977351425857819,2.358356077384225,1
0.7224194067209978,0.14578432530565977,0.9963748167477053,2.404666086640736,1
0.6190537574524537,0.13558141121550316,0.993951133779907,2.471247402008121,1
0.62899293474211,0.1299313342686115,0.9923454632438469,2.5075053162769745,1
0.6433829050890514,0.13367818204476944,0.9934853482568768,2.481796896570169,1
0.6475455019860697,0.14125937444640008,0.9954308913025661,2.4322190293643278,1
0.6389613449250706,0.14222113237096978,0.9955661415727084,2.429603772562694,1
0.7086666724534809,0.14678290096259994,0.9967007980433348,2.3908813965969533,1
0.7556087098380746,0.14909054029972105,0.9972588871874343,2.3661701504626693,1
0.8342884868897835,0.1463681575891273,0.9967278066112607,2.3867476284014977,1
1.002790347860391,0.15462301615847285,0.998150620090555,2.322286168763657,1
1.2517164890399333,0.16607794064347725,0.9992402225741964,2.2515254030298104,1
1.7308832269195789,0.18235962889089133,0.9996067767419945,2.1565833454265158,1
2.0852664957461196,0.19163517178455022,0.9992273703066343,2.1027686752476162,0
1.926169841488179,0.18395631824659728,0.9997340261864152,2.1587011064017854,0
1.4978914127787213,0.17193871392573518,0.9996045238339246,2.2313714804716978,0
1.0099590739509576,0.1489610257954715,0.9969103649750153,2.388355851232986,0
0.8514112466262488,0.14909446639714508,0.9969324721348728,2.3875615031329986,0
0.9747833088218484,0.15971000701771798,0.9986334723050745,2.312215144607106,0
1.004047461559685,0.15972584056367584,0.9985983345508882,2.316868454026614,0
1.0422346828464597,0.1659449995422559,0.9992465483351621,2.27317452626639,0
0.9858900362216951,0.1565226776978325,0.9982269615748026,2.333842042529362,0
0.979086448209334,0.1516455103932976,0.997437424801236,2.3686914507229297,0
1.05447218271901,0.14905663247897993,0.9969879418863711,2.3848476541388113,0
1.2052019651940693,0.15612811106897287,0.9981513297194596,2.3383464882168354,0
1.4274249261146181,0.16726833116805254,0.9993382368600392,2.269613757229802,0
1.4203845258317145,0.1648491596484907,0.9991149322159426,2.288851233951215,0
1.2670282693319685,0.16381624520335017,0.9990180737865033,2.295182398845296,1
1.1705391909254226,0.1567099999380376,0.9981710480521566,2.339880738042204,1
1.1394266683772598,0.15306699082786104,0.9976760628954773,2.3590947247057876,1
1.1163724264786747,0.15386936521504313,0.9978965838084548,2.3463611401262394,1
1.1736741698631281,0.1542530829682937,0.9979874069580603,2.3400628078559,1
1.1620433810515542,0.1518444583837538,0.9975939820872234,2.3580805920580232,1
0.9520857901373931,0.15087428294781327,0.9974442817701145,2.363581994283483,1
0.85337927630512,0.1474273973285291,0.9967394255440745,2.3917104056444716,1
0.8477381415702845,0.14634607515939524,0.9963909040737328,2.4055914275343566,1
1.0832469420711797,0.16108585341986748,0.9987789659655958,2.3037583230348275,1
1.3480499247797006,0.17102068207768714,0.9995562622062772,2.237299737276648,1
1.548342174270322,0.18264669580047066,0.9996261814152454,2.157412819838248,0
1.4373780333387147,0.18663322103472263,0.9995547133178089,2.136410349584472,0
0.9908630436792445,0.16904661489120612,0.9994429137410447,2.2456500302302334,0
0.8034931328648011,0.156595037385653,0.9982647328181057,2.3288635337555386,0
0.7250687863303902,0.14077200575680043,0.9950109620119731,2.4471615856168807,0
0.8028234377684418,0.1366541530850137,0.9939386111781274,2.4745252543176064,0
0.8877467734260163,0.1381987423344045,0.994321589354806,2.4654508243655076,0
0.8674665153947958,0.13214236057920906,0.9925781607796027,2.5062745283286127,0
0.8188557812489416,0.13657224039016946,0.9939365033339626,2.4746440254757447,0
0.981613655344099,0.15045838725589422,0.9971299187733015,2.3823776785303448,0
1.0946566428622637,0.1611006348176557,0.998737311452413,2.3110598883353703,0
1.361865909965329,0.17373413083389763,0.9997089405781646,2.2396839915726243,1
1.4440173986984361,0.17362088011248988,0.9997067681505553,2.2355323074905438,1
1.2623301860587846,0.1638911537769573,0.999084007848558,2.281811131199066,1
1.229315421429662,0.15856452983304428,0.9985420783868033,2.314064106912314,1
1.1137512475369438,0.14978399910159765,0.9972717014766816,2.3698457427001793,1
1.0706532591935058,0.1464665071948075,0.9965887735599879,2.396056344721802,1
0.9602930169164837,0.1429086495550637,0.9956713677296268,2.42727176701371,1
0.8657900792104322,0.14054276511994043,0.9951130762916086,2.4431324818235547,1
0.8179330854729165,0.14358360505146076,0.9959072401284906,2.419341022039167,1
0.8478060914509203,0.1493738380832434,0.9972685565351235,2.3679226394946626,1
0.9116679278354965,0.14778991089349902,0.9971242957299888,2.367752474953876,1
0.9269317435559402,0.145390540297419,0.9966448869362888,2.386381436567822,1
0.92026225670674,0.14322465268434756,0.9962772732189193,2.3957213982121996,1
0.8974830249670341,0.14074952127303383,0.9956944241718053,2.4162116254249195,1
0.8254846566095008,0.1368650673340687,0.9942356919558513,2.4645845043909373,1
0.7748342440627487,0.13556980619047754,0.9937100332805391,2.479248125977779,1
0.7278991949377258,0.13327237094603392,0.9929168143563252,2.4987443515003185,1
0.7142641452408434,0.13212113995252006,0.9925271284529713,2.5076922361111813,1
0.6379762526433649,0.13111740089995855,0.9924403720713294,2.5080324358936568,1
0.681629186645181,0.1276223111282853,0.9915307006769238,2.5254896382349483,1
0.7141130388693757,0.127905352889938,0.9916967924712017,2.521529431948238,1
0.6461582268431255,0.1244175086665175,0.9902779527563452,2.5511288666849183,1
0.7153598955619856,0.13283496277772633,0.9932711295158263,2.486608461617335,1
0.6787357423066788,0.13851866880813796,0.9948215601595253,2.4480394399436536,1
0.6979843962958688,0.1426861003766933,0.9957609315670508,2.422364106807688,1
0.760144192507259,0.147807875167344,0.9967303727453349,2.393860672266236,1
0.7767301879836643,0.14480273625593526,0.9960612104831564,2.4160089158681033,1
0.7991689879131164,0.14361516857479648,0.9958339647660485,2.4223153075740473,1
0.7144166723684219,0.13772809357561808,0.9942491388949629,2.466735813070101,1
0.6891907218486117,0.13665218453082326,0.993942733429472,2.474421640215452,1
0.6381995855035156,0.13981595305389707,0.9948250097876502,2.451808949082295,1
0.6990690948545404,0.14415066520541733,0.9960746054861565,2.413098860889192,1
0.7890329028473972,0.1512682421586362,0.9976247026925396,2.351639915371958,1
0.805918283083089,0.1515504283143569,0.9976910024736774,2.3474117645259067,1
0.8864463566699508,0.15352459181415581,0.9979553439083495,2.3381597557601213,1
0.8956601717801173,0.15668312668345524,0.9981233741515945,2.3433861054444605,1
0.890076522430812,0.14369188511177652,0.9952555197697729,2.44511181820967,1
0.9392939274882472,0.13995488082142543,0.9945515524577765,2.4619178599797236,1
0.8796695794904824,0.13121282181534957,0.9913614259525022,2.5363598732935166,0
0.8523138021167722,0.12866628304486147,0.9908626965239318,2.5446319963046005,0
0.8425234638838832,0.12772678894974687,0.9906400418652483,2.5484892347187884,0
0.7647518218267699,0.12307995540971044,0.9882432914638106,2.594444532522942,0
0.7762721600499427,0.12800224948161465,0.9907972794490626,2.545154887433918,0
0.8483206172694022,0.13498740000185042,0.9930691029338896,2.49778547255265,0
0.8072793895590915,0.13847706433899018,0.9940247792674389,2.4757208494557346,0
0.7862380867603842,0.14214929542106078,0.9952223612621529,2.4430089563088186,0
0.7862149410584369,0.13649385748109902,0.9935430110661647,2.4868662496452756,0
0.6723886544452718,0.12452813597883383,0.9897346449974858,2.5645542509068657,0
0.6656937765516076,0.12881063464907624,0.9914735082587057,2.5296230386757688,0
0.7119229861085776,0.12562064941789466,0.9903494727298117,2.55199914081458,0
0.7002236857710178,0.12459519426904565,0.9902644365535946,2.551864803076292,0
0.6535938932995173,0.12553634647439668,0.990483252253655,2.548271628424497,0
0.6310059008188268,0.12527523573968788,0.9902917424390503,2.5524938157326074,0
0.6386588667668058,0.13105978118228195,0.992203535279603,2.514421376161287,0
0.6872729210381814,0.1339571491202581,0.9931388484184821,2.4935426089703387,0
0.6920953646210859,0.1263799404712396,0.990696292456207,2.544487401014449,0
0.7845710295374944,0.12103490803855306,0.9888904102144902,2.5768031772394924,0
0.9154006278252622,0.11230812658954922,0.9850794845571887,2.6394731558283997,0
0.8115870393966106,0.10930192990967967,0.9836220322590588,2.6611799460970165,0
0.9073972563217501,0.12105376526232944,0.9889137980789435,2.576348303649314,0
0.890599396843452,0.13027731834628922,0.9922061898647605,2.5121576003212063,0
0.9659138861061589,0.15481320301521298,0.9979021425236615,2.3507496059501607,0
1.144892068285051,0.16815307918644998,0.9993853952591982,2.2662169772477077,0
1.1970219280101486,0.1576431662522202,0.9983331744521804,2.3299898564679578,0
1.1465204417768304,0.14770166354632733,0.996672822567231,2.3966119122060676,0
0.9218974088567586,0.13711670135755363,0.9944528461819007,2.4572099010726633,0
0.783622788987868,0.1280565074408414,0.9914497352791254,2.5278713414151803,0
0.8891466305818451,0.14193031526845104,0.9953230397784838,2.437901242210603,0
1.3722304872129383,0.17169522457900038,0.9996049139054294,2.2410231410879375,0
1.3837402152030036,0.17392664894135487,0.999709295264586,2.2399525468764727,0
1.4472804227737859,0.18140548121555308,0.9998955286615296,2.1897574545112457,1
1.0613887528072063,0.16509953384639983,0.999128792894654,2.2876703447317746,1
0.700539497589761,0.1490017531318194,0.9967928316981547,2.394508448763858,1
0.6796796490958625,0.14747851368357703,0.9967784004452958,2.3895695562999784,1
0.8083724088289883,0.13709934764436563,0.9944302447267032,2.4587156265127175,1
0.9033469994613593,0.1409138393752386,0.9955005802955943,2.4279505531126477,1
0.8831970552562842,0.1350333797447281,0.994054479997583,2.466019814333991,1
1.052903673285484,0.1393576845395265,0.9949695264097963,2.4456749088461938,1
0.9173483298360467,0.15130254106517932,0.9975094129490317,2.3624130944986153,1
0.9849558659521788,0.1510111201113402,0.9974395433527947,2.366033788748056,1
1.1307211162883537,0.15293105714741825,0.9976333209309473,2.3617435264229605,1
0.8817887888374952,0.1441266912380661,0.9959898563973222,2.4172444340832193,1
0.9754686582885519,0.14572703281464694,0.9961361595424065,2.415799655709958,1
1.0991981936405544,0.1594595288568683,0.9984989718229835,2.3252466047941684,1
1.0874171352963797,0.16491893251175607,0.9990983483542907,2.291175730857444,1
1.350529697500583,0.16595684747054557,0.999179213565239,2.2863225367526625,0
1.7199695633309149,0.17916022337556542,0.9997834570424375,2.1892292470773995,0
1.6088440231737455,0.1779196098247531,0.9997860088810783,2.1984159545014132,0
1.3556668373590144,0.168435307509156,0.99941601938625,2.248975378321194,0
1.22153885893918,0.17306817717326875,0.9995812020901123,2.2131330751121627,0
0.8700273714653961,0.15586856552325332,0.9982132773983846,2.3300239583466005,0
0.7673974102355737,0.14259122444784192,0.9957351356787773,2.4228638968799494,0
0.862323670282386,0.15153568598747774,0.9975217526075313,2.3608459759469165,0
1.2398569911362478,0.16508424960600096,0.9991322445973926,2.2859754160017265,0
1.298448278709782,0.16789248487936367,0.9992935788521935,2.281399023793974,0
1.1771573234649337,0.1737947566798763,0.9997036331884891,2.2408891874741985,1
1.1086568620289878,0.17465958130104964,0.9997428720438499,2.23645664798297,0
0.9972398418467419,0.16850146344262257,0.9993139316519579,2.281972637086857,0
1.0340963545771837,0.16412856866019226,0.9988279266086273,2.3143322687569814,0
1.0894762962706623,0.15709182620581386,0.9976365065829762,2.3708594226860087,1
1.2188360289149816,0.1449856328201062,0.9951011687980045,2.451495974193883,0
0.960810031973711,0.13478465238872173,0.9929275232131414,2.5011485359832015,0
0.9148439826905874,0.1382468236742327,0.9945159754224087,2.4584482373376972,0
0.9777553087286024,0.14119194512142277,0.9957063140667287,2.4177197378871567,0
0.8997573908278038,0.15167569526393257,0.9977031751045038,2.3465892375041806,0
0.9049631255291135,0.15655368918233173,0.9982957058430395,2.326729600426539,0
0.7920132461036795,0.14977563413942038,0.9972239238202871,2.3733564493255495,0
0.7171822685891266,0.14360508747217493,0.9957210542960842,2.427290412685702,0
0.6900524805605438,0.13612123226846679,0.9934597611223108,2.4885424175823068,0
0.6245874930896248,0.12478736169760178,0.9895876828034254,2.568263957432333,0
0.6487848262736113,0.12336716469128858,0.9889974375239846,2.5791081418429997,0
0.6498090102923352,0.12307275786398876,0.9891239586442154,2.57582799031564,0
0.642518628317061,0.12034048256259465,0.9883222937947262,2.588525907358085,0
0.6606290212664474,0.12306900763907191,0.9895442224811646,2.5660583997019106,0
0.6457606372909395,0.1290541561639335,0.9915241707105491,2.5288866002016075,0
0.7000469401330529,0.14076939575042596,0.9950203388270662,2.447068474192577,0
0.7631080853435795,0.15056466182493353,0.9969830820947783,2.389817049338366,0
1.0150679807672955,0.1722967985922402,0.999631120461326,2.2490837810096966,0
1.498234900334095,0.1892881914666128,0.9997308158469176,2.1388337623945635,0
1.8037756783505303,0.1965277206746513,0.9993416323191656,2.09686920298128,1
1.8175241909598199,0.19362089959464876,0.999352603841134,2.1035578068294094,0
1.6377804224619759,0.18461410425985966,0.9997095039102087,2.153825739258276,0
1.1340373600454363,0.16124702290035775,0.9988597636999992,2.2920862116438947,0
0.9055746236563021,0.14441419409943718,0.9962325295463397,2.4060938790543394,0
0.8724470385056687,0.14060285977687967,0.9952847486475433,2.435962073407078,0
0.6596663630537823,0.12680933944850098,0.990801826916318,2.5428905754630278,0
0.6665029287110799,0.1304108642462955,0.991993239351052,2.518852983694732,0
0.7304861377259452,0.1428610001111327,0.9954603074706152,2.4358355797710813,0
0.8508609792358336,0.15127064696236803,0.9971770309905235,2.3822355601278606,0
